Title,Media URL,Link,Description,Pinterest board
Boracay in 4 Days — Complete Guide from $30/day,https://images.unsplash.com/photo-PyyK898UZLA?w=1000&q=85&fit=crop&ar=2:3,https://www.incredibleitinerary.com/blog/boracay-4-days,"Plan your Boracay trip with real prices. 4-day itinerary with budget, mid-range & luxury plans — hotel picks, Google Maps routes & insider tips. Free guide!  Walking the 4km arc of White Beach at sunset while fire dancers perform at the water's edge, cliff-diving off Ariel's Point into the Pacific, kitesurfing the constant winds at Bulabog, and finding a deserted cove at Puka Shell Beach where the only footprints in the powdered-sugar sand are yours — Boracay earned its crown.  #BoracayTravel…",Southeast Asia Travel
4 Things to Know Before Visiting Boracay (2026),https://images.unsplash.com/photo-PyyK898UZLA?w=1000&q=85&fit=crop&ar=2:3,https://www.incredibleitinerary.com/blog/boracay-4-days,"Don't make these mistakes on your Boracay trip. Best time to visit, where to stay, what to eat & the tourist traps to avoid. Real traveller tips from our free guide.  #BoracayTravel #Boracay #PhilippinesTravel #TravelGuide #TravelItinerary #WorldTravel #TripPlanning #TravelBlog #TravelTips #TravelHacks",Southeast Asia Travel
The Perfect 4-Day Boracay Itinerary (2026),https://images.unsplash.com/photo-PyyK898UZLA?w=1000&q=85&fit=crop&ar=2:3,https://www.incredibleitinerary.com/blog/boracay-4-days,"Day-by-day Boracay plan with 4 travel styles — budget, couple, adventure & family. Real costs, real routes, real tips from IncredibleItinerary. Plan smarter, travel better!  Walking the 4km arc of White Beach at sunset while fire dancers perform at the water's edge, cliff-diving off Ariel's Point into the Pacific, kitesurfing the constant winds at Bulabog, and finding a deserted cove at Puka Shell Beach where the only footprints in the powdered-sugar sand are yours — Boracay earned its crown. …",Southeast Asia Travel
Warsaw in 4 Days — Complete Guide from $50/day,https://images.unsplash.com/photo-1519197924294-4ba991a11128?w=1000&q=85&fit=crop&ar=2:3,https://www.incredibleitinerary.com/blog/warsaw-4-days,"Plan your Warsaw trip with real prices. 4-day itinerary with budget, mid-range & luxury plans — hotel picks, Google Maps routes & insider tips. Free guide!  Walking a meticulously reconstructed Old Town raised from 85% rubble, standing inside the most moving WWII museum in Europe, eating pierogi ruskie at a milk bar for two euros, and watching the Warsaw skyline — one of Europe's most dramatic — reflect in the Vistula at dusk.  #WarsawTravel #Warsaw #PolandTravel #TravelGuide #TravelItinerary…",Europe Travel Guides
4 Things to Know Before Visiting Warsaw (2026),https://images.unsplash.com/photo-1519197924294-4ba991a11128?w=1000&q=85&fit=crop&ar=2:3,https://www.incredibleitinerary.com/blog/warsaw-4-days,"Don't make these mistakes on your Warsaw trip. Best time to visit, where to stay, what to eat & the tourist traps to avoid. Real traveller tips from our free guide.  #WarsawTravel #Warsaw #PolandTravel #TravelGuide #TravelItinerary #WorldTravel #TripPlanning #TravelBlog #TravelTips #TravelHacks",Europe Travel Guides
The Perfect 4-Day Warsaw Itinerary (2026),https://images.unsplash.com/photo-1519197924294-4ba991a11128?w=1000&q=85&fit=crop&ar=2:3,https://www.incredibleitinerary.com/blog/warsaw-4-days,"Day-by-day Warsaw plan with 4 travel styles — budget, couple, adventure & family. Real costs, real routes, real tips from IncredibleItinerary. Plan smarter, travel better!  Walking a meticulously reconstructed Old Town raised from 85% rubble, standing inside the most moving WWII museum in Europe, eating pierogi ruskie at a milk bar for two euros, and watching the Warsaw skyline — one of Europe's most dramatic — reflect in the Vistula at dusk.  #WarsawTravel #Warsaw #PolandTravel #TravelGuide…",Europe Travel Guides
Hamburg in 3 Days — Complete Guide from $50/day,https://images.unsplash.com/photo-25uEmJ_ml5Q?w=1000&q=85&fit=crop&ar=2:3,https://www.incredibleitinerary.com/blog/hamburg-3-days,"Plan your Hamburg trip with real prices. 3-day itinerary with budget, mid-range & luxury plans — hotel picks, Google Maps routes & insider tips. Free guide!  Walking the red-brick Speicherstadt warehouse district at sunrise before the tourists arrive, hearing the first notes of a world-class concert reverberate inside the Elbphilharmonie's wave-foam ceiling, and eating fresh Fischbrötchen at the Sunday fish market with 70,000 other early risers.  #HamburgTravel #Hamburg #GermanyTravel…",Europe Travel Guides
3 Things to Know Before Visiting Hamburg (2026),https://images.unsplash.com/photo-25uEmJ_ml5Q?w=1000&q=85&fit=crop&ar=2:3,https://www.incredibleitinerary.com/blog/hamburg-3-days,"Don't make these mistakes on your Hamburg trip. Best time to visit, where to stay, what to eat & the tourist traps to avoid. Real traveller tips from our free guide.  #HamburgTravel #Hamburg #GermanyTravel #TravelGuide #TravelItinerary #WorldTravel #TripPlanning #TravelBlog #TravelTips #TravelHacks",Europe Travel Guides
The Perfect 3-Day Hamburg Itinerary (2026),https://images.unsplash.com/photo-25uEmJ_ml5Q?w=1000&q=85&fit=crop&ar=2:3,https://www.incredibleitinerary.com/blog/hamburg-3-days,"Day-by-day Hamburg plan with 4 travel styles — budget, couple, adventure & family. Real costs, real routes, real tips from IncredibleItinerary. Plan smarter, travel better!  Walking the red-brick Speicherstadt warehouse district at sunrise before the tourists arrive, hearing the first notes of a world-class concert reverberate inside the Elbphilharmonie's wave-foam ceiling, and eating fresh Fischbrötchen at the Sunday fish market with 70,000 other early risers.  #HamburgTravel #Hamburg…",Europe Travel Guides
Cologne in 3 Days — Complete Guide from $50/day,https://images.unsplash.com/photo-1577048982768-5cb3e7ddfa23?w=1000&q=85&fit=crop&ar=2:3,https://www.incredibleitinerary.com/blog/cologne-3-days,"Plan your Cologne trip with real prices. 3-day itinerary with budget, mid-range & luxury plans — hotel picks, Google Maps routes & insider tips. Free guide!  Climbing 533 steps to the top of a Gothic cathedral that took 632 years to complete, drinking Kölsch from tiny 0.2-litre glasses at a brewhouse where the waiter will keep replacing your beer until you put a coaster on top, and eating a slab of warm marzipan-laced Dominosteine from the Chocolate Museum.  #CologneTravel #Cologne…",Europe Travel Guides
3 Things to Know Before Visiting Cologne (2026),https://images.unsplash.com/photo-1577048982768-5cb3e7ddfa23?w=1000&q=85&fit=crop&ar=2:3,https://www.incredibleitinerary.com/blog/cologne-3-days,"Don't make these mistakes on your Cologne trip. Best time to visit, where to stay, what to eat & the tourist traps to avoid. Real traveller tips from our free guide.  #CologneTravel #Cologne #GermanyTravel #TravelGuide #TravelItinerary #WorldTravel #TripPlanning #TravelBlog #TravelTips #TravelHacks",Europe Travel Guides
The Perfect 3-Day Cologne Itinerary (2026),https://images.unsplash.com/photo-1577048982768-5cb3e7ddfa23?w=1000&q=85&fit=crop&ar=2:3,https://www.incredibleitinerary.com/blog/cologne-3-days,"Day-by-day Cologne plan with 4 travel styles — budget, couple, adventure & family. Real costs, real routes, real tips from IncredibleItinerary. Plan smarter, travel better!  Climbing 533 steps to the top of a Gothic cathedral that took 632 years to complete, drinking Kölsch from tiny 0.2-litre glasses at a brewhouse where the waiter will keep replacing your beer until you put a coaster on top, and eating a slab of warm marzipan-laced Dominosteine from the Chocolate Museum.  #CologneTravel…",Europe Travel Guides
Plovdiv in 3 Days — Complete Guide from $50/day,https://images.unsplash.com/photo-1602088113235-229c19758e9f?w=1000&q=85&fit=crop&ar=2:3,https://www.incredibleitinerary.com/blog/plovdiv-3-days,"Plan your Plovdiv trip with real prices. 3-day itinerary with budget, mid-range & luxury plans — hotel picks, Google Maps routes & insider tips. Free guide!  Watching a sunset concert from a 2,000-year-old Roman amphitheatre, drinking rakiya in the creative Kapana quarter's art-filled bars, and taking a day trip to the Valley of Roses during bloom season — Plovdiv, Europe's oldest continuously inhabited city and one of its best-kept secrets.  #PlovdivTravel #Plovdiv #BulgariaTravel…",Travel Guides & Itineraries
3 Things to Know Before Visiting Plovdiv (2026),https://images.unsplash.com/photo-1602088113235-229c19758e9f?w=1000&q=85&fit=crop&ar=2:3,https://www.incredibleitinerary.com/blog/plovdiv-3-days,"Don't make these mistakes on your Plovdiv trip. Best time to visit, where to stay, what to eat & the tourist traps to avoid. Real traveller tips from our free guide.  #PlovdivTravel #Plovdiv #BulgariaTravel #TravelGuide #TravelItinerary #WorldTravel #TripPlanning #TravelBlog #TravelTips #TravelHacks",Travel Guides & Itineraries
The Perfect 3-Day Plovdiv Itinerary (2026),https://images.unsplash.com/photo-1602088113235-229c19758e9f?w=1000&q=85&fit=crop&ar=2:3,https://www.incredibleitinerary.com/blog/plovdiv-3-days,"Day-by-day Plovdiv plan with 4 travel styles — budget, couple, adventure & family. Real costs, real routes, real tips from IncredibleItinerary. Plan smarter, travel better!  Watching a sunset concert from a 2,000-year-old Roman amphitheatre, drinking rakiya in the creative Kapana quarter's art-filled bars, and taking a day trip to the Valley of Roses during bloom season — Plovdiv, Europe's oldest continuously inhabited city and one of its best-kept secrets.  #PlovdivTravel #Plovdiv…",Travel Guides & Itineraries
Albania Riviera in 5 Days — Complete Guide from $50/day,https://images.unsplash.com/photo-1571202297152?w=1000&q=85&fit=crop&ar=2:3,https://www.incredibleitinerary.com/blog/albania-riviera-5-days,"Plan your Albania Riviera trip with real prices. 5-day itinerary with budget, mid-range & luxury plans — hotel picks, Google Maps routes & insider tips. Free guide!  Swimming in Ionian turquoise that rivals Greece at a third of the price, hiking to sea caves below Himara, touching 2,500-year-old Greek ruins at Butrint, and sleeping in an Ottoman-era stone tower in Gjirokastra — the Albanian Riviera is Europe's last great budget paradise before everyone else finds it.  #AlbaniaRivieraTravel…",Travel Guides & Itineraries
5 Things to Know Before Visiting Albania Riviera (2026),https://images.unsplash.com/photo-1571202297152?w=1000&q=85&fit=crop&ar=2:3,https://www.incredibleitinerary.com/blog/albania-riviera-5-days,"Don't make these mistakes on your Albania Riviera trip. Best time to visit, where to stay, what to eat & the tourist traps to avoid. Real traveller tips from our free guide.  #AlbaniaRivieraTravel #AlbaniaRiviera #AlbaniaTravel #TravelGuide #TravelItinerary #WorldTravel #TripPlanning #TravelBlog #TravelTips #TravelHacks",Travel Guides & Itineraries
The Perfect 5-Day Albania Riviera Itinerary (2026),https://images.unsplash.com/photo-1571202297152?w=1000&q=85&fit=crop&ar=2:3,https://www.incredibleitinerary.com/blog/albania-riviera-5-days,"Day-by-day Albania Riviera plan with 4 travel styles — budget, couple, adventure & family. Real costs, real routes, real tips from IncredibleItinerary. Plan smarter, travel better!  Swimming in Ionian turquoise that rivals Greece at a third of the price, hiking to sea caves below Himara, touching 2,500-year-old Greek ruins at Butrint, and sleeping in an Ottoman-era stone tower in Gjirokastra — the Albanian Riviera is Europe's last great budget paradise before everyone else finds it. …",Travel Guides & Itineraries
Ohrid in 3 Days — Complete Guide from $50/day,https://images.unsplash.com/photo-1524398051?w=1000&q=85&fit=crop&ar=2:3,https://www.incredibleitinerary.com/blog/ohrid-3-days,"Plan your Ohrid trip with real prices. 3-day itinerary with budget, mid-range & luxury plans — hotel picks, Google Maps routes & insider tips. Free guide!  Photographing the iconic St John at Kaneo church perched on its cliff above lake water so clear you can see the bottom 23 metres down, rowing to the underwater ruins of the Bay of Bones, and eating freshly grilled Ohrid trout on a terrace while the sunset turns the UNESCO-listed lake gold.  #OhridTravel #Ohrid #NorthMacedoniaTravel…",Travel Guides & Itineraries
3 Things to Know Before Visiting Ohrid (2026),https://images.unsplash.com/photo-1524398051?w=1000&q=85&fit=crop&ar=2:3,https://www.incredibleitinerary.com/blog/ohrid-3-days,"Don't make these mistakes on your Ohrid trip. Best time to visit, where to stay, what to eat & the tourist traps to avoid. Real traveller tips from our free guide.  #OhridTravel #Ohrid #NorthMacedoniaTravel #TravelGuide #TravelItinerary #WorldTravel #TripPlanning #TravelBlog #TravelTips #TravelHacks",Travel Guides & Itineraries
The Perfect 3-Day Ohrid Itinerary (2026),https://images.unsplash.com/photo-1524398051?w=1000&q=85&fit=crop&ar=2:3,https://www.incredibleitinerary.com/blog/ohrid-3-days,"Day-by-day Ohrid plan with 4 travel styles — budget, couple, adventure & family. Real costs, real routes, real tips from IncredibleItinerary. Plan smarter, travel better!  Photographing the iconic St John at Kaneo church perched on its cliff above lake water so clear you can see the bottom 23 metres down, rowing to the underwater ruins of the Bay of Bones, and eating freshly grilled Ohrid trout on a terrace while the sunset turns the UNESCO-listed lake gold.  #OhridTravel #Ohrid…",Travel Guides & Itineraries
Portland in 4 Days — Complete Guide from $50/day,https://images.unsplash.com/photo-1536625479481?w=1000&q=85&fit=crop&ar=2:3,https://www.incredibleitinerary.com/blog/portland-oregon-4-days,"Plan your Portland trip with real prices. 4-day itinerary with budget, mid-range & luxury plans — hotel picks, Google Maps routes & insider tips. Free guide!  Disappearing for hours inside the world's largest independent bookshop, eating from a food cart pod where 50 cuisines compete for your lunch dollar, hiking past seven waterfalls in the Columbia River Gorge, and drinking a hazy IPA at a brewery that didn't exist five years ago — Portland keeps reinventing weird.  #PortlandTravel #Portland…",Travel Guides & Itineraries
4 Things to Know Before Visiting Portland (2026),https://images.unsplash.com/photo-1536625479481?w=1000&q=85&fit=crop&ar=2:3,https://www.incredibleitinerary.com/blog/portland-oregon-4-days,"Don't make these mistakes on your Portland trip. Best time to visit, where to stay, what to eat & the tourist traps to avoid. Real traveller tips from our free guide.  #PortlandTravel #Portland #USATravel #TravelGuide #TravelItinerary #WorldTravel #TripPlanning #TravelBlog #TravelTips #TravelHacks",Travel Guides & Itineraries
The Perfect 4-Day Portland Itinerary (2026),https://images.unsplash.com/photo-1536625479481?w=1000&q=85&fit=crop&ar=2:3,https://www.incredibleitinerary.com/blog/portland-oregon-4-days,"Day-by-day Portland plan with 4 travel styles — budget, couple, adventure & family. Real costs, real routes, real tips from IncredibleItinerary. Plan smarter, travel better!  Disappearing for hours inside the world's largest independent bookshop, eating from a food cart pod where 50 cuisines compete for your lunch dollar, hiking past seven waterfalls in the Columbia River Gorge, and drinking a hazy IPA at a brewery that didn't exist five years ago — Portland keeps reinventing weird. …",Travel Guides & Itineraries
Denver in 3 Days — Complete Guide from $50/day,https://images.unsplash.com/photo-1546156929-a4c0ac411f47?w=1000&q=85&fit=crop&ar=2:3,https://www.incredibleitinerary.com/blog/denver-3-days,"Plan your Denver trip with real prices. 3-day itinerary with budget, mid-range & luxury plans — hotel picks, Google Maps routes & insider tips. Free guide!  Watching dawn light the sandstone slabs of Red Rocks before a single other tourist arrives, hiking 3,000 metres above sea level in Rocky Mountain National Park where elk outnumber people, and sampling Colorado's 400+ craft breweries on the Platte Street strip — Denver, where the mountains are always one hour away.  #DenverTravel #Denver…",Travel Guides & Itineraries
3 Things to Know Before Visiting Denver (2026),https://images.unsplash.com/photo-1546156929-a4c0ac411f47?w=1000&q=85&fit=crop&ar=2:3,https://www.incredibleitinerary.com/blog/denver-3-days,"Don't make these mistakes on your Denver trip. Best time to visit, where to stay, what to eat & the tourist traps to avoid. Real traveller tips from our free guide.  #DenverTravel #Denver #USATravel #TravelGuide #TravelItinerary #WorldTravel #TripPlanning #TravelBlog #TravelTips #TravelHacks",Travel Guides & Itineraries
The Perfect 3-Day Denver Itinerary (2026),https://images.unsplash.com/photo-1546156929-a4c0ac411f47?w=1000&q=85&fit=crop&ar=2:3,https://www.incredibleitinerary.com/blog/denver-3-days,"Day-by-day Denver plan with 4 travel styles — budget, couple, adventure & family. Real costs, real routes, real tips from IncredibleItinerary. Plan smarter, travel better!  Watching dawn light the sandstone slabs of Red Rocks before a single other tourist arrives, hiking 3,000 metres above sea level in Rocky Mountain National Park where elk outnumber people, and sampling Colorado's 400+ craft breweries on the Platte Street strip — Denver, where the mountains are always one hour away. …",Travel Guides & Itineraries
Philadelphia in 4 Days — Complete Guide from $50/day,https://images.unsplash.com/photo-1569761316261-9a8696fa2ca3?w=1000&q=85&fit=crop&ar=2:3,https://www.incredibleitinerary.com/blog/philadelphia-4-days,"Plan your Philadelphia trip with real prices. 4-day itinerary with budget, mid-range & luxury plans — hotel picks, Google Maps routes & insider tips. Free guide!  Ringing in your head the tune that plays when Rocky runs up the Art Museum steps, arguing Pat's vs Geno's over a cheesesteak at 2am, standing where the United States was literally born in Independence Hall, and eating your way through the greatest food market in America — Philadelphia, the underrated American masterpiece. …",Travel Guides & Itineraries
4 Things to Know Before Visiting Philadelphia (2026),https://images.unsplash.com/photo-1569761316261-9a8696fa2ca3?w=1000&q=85&fit=crop&ar=2:3,https://www.incredibleitinerary.com/blog/philadelphia-4-days,"Don't make these mistakes on your Philadelphia trip. Best time to visit, where to stay, what to eat & the tourist traps to avoid. Real traveller tips from our free guide.  #PhiladelphiaTravel #Philadelphia #USATravel #TravelGuide #TravelItinerary #WorldTravel #TripPlanning #TravelBlog #TravelTips #TravelHacks",Travel Guides & Itineraries
The Perfect 4-Day Philadelphia Itinerary (2026),https://images.unsplash.com/photo-1569761316261-9a8696fa2ca3?w=1000&q=85&fit=crop&ar=2:3,https://www.incredibleitinerary.com/blog/philadelphia-4-days,"Day-by-day Philadelphia plan with 4 travel styles — budget, couple, adventure & family. Real costs, real routes, real tips from IncredibleItinerary. Plan smarter, travel better!  Ringing in your head the tune that plays when Rocky runs up the Art Museum steps, arguing Pat's vs Geno's over a cheesesteak at 2am, standing where the United States was literally born in Independence Hall, and eating your way through the greatest food market in America — Philadelphia, the underrated American…",Travel Guides & Itineraries
San Diego in 4 Days — Complete Guide from $50/day,https://images.unsplash.com/photo-1580752300992-559f8e0734e0?w=1000&q=85&fit=crop&ar=2:3,https://www.incredibleitinerary.com/blog/san-diego-4-days,"Plan your San Diego trip with real prices. 4-day itinerary with budget, mid-range & luxury plans — hotel picks, Google Maps routes & insider tips. Free guide!  Exploring the most concentrated collection of museums in the American West inside a single park, watching harbour seals argue over prime sunbathing rocks at La Jolla Cove, crossing to Coronado Island on a five-minute ferry for the beach that Traveller magazine once declared America's finest.  #SanDiegoTravel #SanDiego #USATravel…",Travel Guides & Itineraries
4 Things to Know Before Visiting San Diego (2026),https://images.unsplash.com/photo-1580752300992-559f8e0734e0?w=1000&q=85&fit=crop&ar=2:3,https://www.incredibleitinerary.com/blog/san-diego-4-days,"Don't make these mistakes on your San Diego trip. Best time to visit, where to stay, what to eat & the tourist traps to avoid. Real traveller tips from our free guide.  #SanDiegoTravel #SanDiego #USATravel #TravelGuide #TravelItinerary #WorldTravel #TripPlanning #TravelBlog #TravelTips #TravelHacks",Travel Guides & Itineraries
The Perfect 4-Day San Diego Itinerary (2026),https://images.unsplash.com/photo-1580752300992-559f8e0734e0?w=1000&q=85&fit=crop&ar=2:3,https://www.incredibleitinerary.com/blog/san-diego-4-days,"Day-by-day San Diego plan with 4 travel styles — budget, couple, adventure & family. Real costs, real routes, real tips from IncredibleItinerary. Plan smarter, travel better!  Exploring the most concentrated collection of museums in the American West inside a single park, watching harbour seals argue over prime sunbathing rocks at La Jolla Cove, crossing to Coronado Island on a five-minute ferry for the beach that Traveller magazine once declared America's finest.  #SanDiegoTravel #SanDiego…",Travel Guides & Itineraries
Puerto Rico in 5 Days — Complete Guide from $50/day,https://images.unsplash.com/photo-1580271853710-ee57a8a7a8f0?w=1000&q=85&fit=crop&ar=2:3,https://www.incredibleitinerary.com/blog/puerto-rico-5-days,"Plan your Puerto Rico trip with real prices. 5-day itinerary with budget, mid-range & luxury plans — hotel picks, Google Maps routes & insider tips. Free guide!  Running your fingers through bio-luminescent water that glows electric blue at every stroke, hiking a cloud-forest trail where the canopy is so dense it rains upward, eating mofongo stuffed with garlic shrimp at a 200-year-old hacienda, and drinking the original piña colada at the bar where it was invented.  #PuertoRicoTravel…",Travel Guides & Itineraries
5 Things to Know Before Visiting Puerto Rico (2026),https://images.unsplash.com/photo-1580271853710-ee57a8a7a8f0?w=1000&q=85&fit=crop&ar=2:3,https://www.incredibleitinerary.com/blog/puerto-rico-5-days,"Don't make these mistakes on your Puerto Rico trip. Best time to visit, where to stay, what to eat & the tourist traps to avoid. Real traveller tips from our free guide.  #PuertoRicoTravel #PuertoRico #TravelGuide #TravelItinerary #WorldTravel #TripPlanning #TravelBlog #NorthAmerica #TravelTips #TravelHacks",Travel Guides & Itineraries
The Perfect 5-Day Puerto Rico Itinerary (2026),https://images.unsplash.com/photo-1580271853710-ee57a8a7a8f0?w=1000&q=85&fit=crop&ar=2:3,https://www.incredibleitinerary.com/blog/puerto-rico-5-days,"Day-by-day Puerto Rico plan with 4 travel styles — budget, couple, adventure & family. Real costs, real routes, real tips from IncredibleItinerary. Plan smarter, travel better!  Running your fingers through bio-luminescent water that glows electric blue at every stroke, hiking a cloud-forest trail where the canopy is so dense it rains upward, eating mofongo stuffed with garlic shrimp at a 200-year-old hacienda, and drinking the original piña colada at the bar where it was invented. …",Travel Guides & Itineraries
Beirut in 4 Days — Complete Guide from $50/day,https://images.unsplash.com/photo-1590086782957-93c06ef21604?w=1000&q=85&fit=crop&ar=2:3,https://www.incredibleitinerary.com/blog/beirut-4-days,"Plan your Beirut trip with real prices. 4-day itinerary with budget, mid-range & luxury plans — hotel picks, Google Maps routes & insider tips. Free guide!  Eating 23 mezze dishes before the main course has arrived, walking a neighbourhood where bullet-scarred walls share a wall with Michelin-quality restaurants, descending into the world's most spectacular grotto system, and driving up to Byblos — the oldest continuously inhabited city on the planet — for sundowner wine.  #BeirutTravel…",Travel Guides & Itineraries
4 Things to Know Before Visiting Beirut (2026),https://images.unsplash.com/photo-1590086782957-93c06ef21604?w=1000&q=85&fit=crop&ar=2:3,https://www.incredibleitinerary.com/blog/beirut-4-days,"Don't make these mistakes on your Beirut trip. Best time to visit, where to stay, what to eat & the tourist traps to avoid. Real traveller tips from our free guide.  #BeirutTravel #Beirut #LebanonTravel #TravelGuide #TravelItinerary #WorldTravel #TripPlanning #TravelBlog #TravelTips #TravelHacks",Travel Guides & Itineraries
The Perfect 4-Day Beirut Itinerary (2026),https://images.unsplash.com/photo-1590086782957-93c06ef21604?w=1000&q=85&fit=crop&ar=2:3,https://www.incredibleitinerary.com/blog/beirut-4-days,"Day-by-day Beirut plan with 4 travel styles — budget, couple, adventure & family. Real costs, real routes, real tips from IncredibleItinerary. Plan smarter, travel better!  Eating 23 mezze dishes before the main course has arrived, walking a neighbourhood where bullet-scarred walls share a wall with Michelin-quality restaurants, descending into the world's most spectacular grotto system, and driving up to Byblos — the oldest continuously inhabited city on the planet — for sundowner wine. …",Travel Guides & Itineraries
Cyprus in 5 Days — Complete Guide from $50/day,https://images.unsplash.com/photo-V517EvbP5tk?w=1000&q=85&fit=crop&ar=2:3,https://www.incredibleitinerary.com/blog/cyprus-5-days,"Plan your Cyprus trip with real prices. 5-day itinerary with budget, mid-range & luxury plans — hotel picks, Google Maps routes & insider tips. Free guide!  Touching 4,000-year-old mosaics where Dionysus reclines in technicolour, hiking through cedar forests to a Byzantine monastery holding the True Cross, tasting commandaria wine that Crusader knights once shipped to English kings, and watching the sun set over the exact rock where Aphrodite was born from sea foam.  #CyprusTravel #Cyprus…",Travel Guides & Itineraries
5 Things to Know Before Visiting Cyprus (2026),https://images.unsplash.com/photo-V517EvbP5tk?w=1000&q=85&fit=crop&ar=2:3,https://www.incredibleitinerary.com/blog/cyprus-5-days,"Don't make these mistakes on your Cyprus trip. Best time to visit, where to stay, what to eat & the tourist traps to avoid. Real traveller tips from our free guide.  #CyprusTravel #Cyprus #TravelGuide #TravelItinerary #WorldTravel #TripPlanning #TravelBlog #Europe #TravelTips #TravelHacks",Travel Guides & Itineraries
The Perfect 5-Day Cyprus Itinerary (2026),https://images.unsplash.com/photo-V517EvbP5tk?w=1000&q=85&fit=crop&ar=2:3,https://www.incredibleitinerary.com/blog/cyprus-5-days,"Day-by-day Cyprus plan with 4 travel styles — budget, couple, adventure & family. Real costs, real routes, real tips from IncredibleItinerary. Plan smarter, travel better!  Touching 4,000-year-old mosaics where Dionysus reclines in technicolour, hiking through cedar forests to a Byzantine monastery holding the True Cross, tasting commandaria wine that Crusader knights once shipped to English kings, and watching the sun set over the exact rock where Aphrodite was born from sea foam. …",Travel Guides & Itineraries
Rhodes in 4 Days — Complete Guide from $50/day,https://images.unsplash.com/photo-1577717903315?w=1000&q=85&fit=crop&ar=2:3,https://www.incredibleitinerary.com/blog/rhodes-4-days,"Plan your Rhodes trip with real prices. 4-day itinerary with budget, mid-range & luxury plans — hotel picks, Google Maps routes & insider tips. Free guide!  Walking through a walled medieval city so perfectly preserved that the Knights Hospitaller feel like they just left, climbing to a clifftop acropolis where the Aegean glitters in every direction, and swimming in the emerald cove where Anthony Quinn once danced in 'The Guns of Navarone' — Rhodes, where Greek history concentrates. …",Europe Travel Guides
4 Things to Know Before Visiting Rhodes (2026),https://images.unsplash.com/photo-1577717903315?w=1000&q=85&fit=crop&ar=2:3,https://www.incredibleitinerary.com/blog/rhodes-4-days,"Don't make these mistakes on your Rhodes trip. Best time to visit, where to stay, what to eat & the tourist traps to avoid. Real traveller tips from our free guide.  #RhodesTravel #Rhodes #GreeceTravel #TravelGuide #TravelItinerary #WorldTravel #TripPlanning #TravelBlog #TravelTips #TravelHacks",Europe Travel Guides
The Perfect 4-Day Rhodes Itinerary (2026),https://images.unsplash.com/photo-1577717903315?w=1000&q=85&fit=crop&ar=2:3,https://www.incredibleitinerary.com/blog/rhodes-4-days,"Day-by-day Rhodes plan with 4 travel styles — budget, couple, adventure & family. Real costs, real routes, real tips from IncredibleItinerary. Plan smarter, travel better!  Walking through a walled medieval city so perfectly preserved that the Knights Hospitaller feel like they just left, climbing to a clifftop acropolis where the Aegean glitters in every direction, and swimming in the emerald cove where Anthony Quinn once danced in 'The Guns of Navarone' — Rhodes, where Greek history…",Europe Travel Guides
Azores in 5 Days — Complete Guide from $50/day,https://images.unsplash.com/photo-1541807084-5c52b6b3adef?w=1000&q=85&fit=crop&ar=2:3,https://www.incredibleitinerary.com/blog/azores-5-days,"Plan your Azores trip with real prices. 5-day itinerary with budget, mid-range & luxury plans — hotel picks, Google Maps routes & insider tips. Free guide!  Swimming in a volcanic crater lake where the water is warm from geothermal heat below, eating a stew slow-cooked underground by actual volcanic steam, watching sperm whales breach off the coast of the most remote European island chain — the Azores is what happens when a volcano erupts in the middle of the Atlantic and becomes paradise. …",Europe Travel Guides
5 Things to Know Before Visiting Azores (2026),https://images.unsplash.com/photo-1541807084-5c52b6b3adef?w=1000&q=85&fit=crop&ar=2:3,https://www.incredibleitinerary.com/blog/azores-5-days,"Don't make these mistakes on your Azores trip. Best time to visit, where to stay, what to eat & the tourist traps to avoid. Real traveller tips from our free guide.  #AzoresTravel #Azores #PortugalTravel #TravelGuide #TravelItinerary #WorldTravel #TripPlanning #TravelBlog #TravelTips #TravelHacks",Europe Travel Guides
The Perfect 5-Day Azores Itinerary (2026),https://images.unsplash.com/photo-1541807084-5c52b6b3adef?w=1000&q=85&fit=crop&ar=2:3,https://www.incredibleitinerary.com/blog/azores-5-days,"Day-by-day Azores plan with 4 travel styles — budget, couple, adventure & family. Real costs, real routes, real tips from IncredibleItinerary. Plan smarter, travel better!  Swimming in a volcanic crater lake where the water is warm from geothermal heat below, eating a stew slow-cooked underground by actual volcanic steam, watching sperm whales breach off the coast of the most remote European island chain — the Azores is what happens when a volcano erupts in the middle of the Atlantic and…",Europe Travel Guides
Madeira in 5 Days — Complete Guide from $50/day,https://images.unsplash.com/photo-1555881400-74d7acaacd8b?w=1000&q=85&fit=crop&ar=2:3,https://www.incredibleitinerary.com/blog/madeira-5-days,"Plan your Madeira trip with real prices. 5-day itinerary with budget, mid-range & luxury plans — hotel picks, Google Maps routes & insider tips. Free guide!  Walking an irrigation channel cut into a cliff face with a 580-metre drop below and orchids growing from the rock beside you, taking a wicker toboggan down a cobbled hill road steered by men in straw hats, and swimming in natural rock pools as Atlantic swells crash beside you — Madeira, the floating garden.  #MadeiraTravel #Madeira…",Europe Travel Guides
5 Things to Know Before Visiting Madeira (2026),https://images.unsplash.com/photo-1555881400-74d7acaacd8b?w=1000&q=85&fit=crop&ar=2:3,https://www.incredibleitinerary.com/blog/madeira-5-days,"Don't make these mistakes on your Madeira trip. Best time to visit, where to stay, what to eat & the tourist traps to avoid. Real traveller tips from our free guide.  #MadeiraTravel #Madeira #PortugalTravel #TravelGuide #TravelItinerary #WorldTravel #TripPlanning #TravelBlog #TravelTips #TravelHacks",Europe Travel Guides
The Perfect 5-Day Madeira Itinerary (2026),https://images.unsplash.com/photo-1555881400-74d7acaacd8b?w=1000&q=85&fit=crop&ar=2:3,https://www.incredibleitinerary.com/blog/madeira-5-days,"Day-by-day Madeira plan with 4 travel styles — budget, couple, adventure & family. Real costs, real routes, real tips from IncredibleItinerary. Plan smarter, travel better!  Walking an irrigation channel cut into a cliff face with a 580-metre drop below and orchids growing from the rock beside you, taking a wicker toboggan down a cobbled hill road steered by men in straw hats, and swimming in natural rock pools as Atlantic swells crash beside you — Madeira, the floating garden.  #MadeiraTravel…",Europe Travel Guides
Charleston in 4 Days — Complete Guide from $50/day,https://images.unsplash.com/photo-1569761316261-9a8696fa2ca3?w=1000&q=85&fit=crop&ar=2:3,https://www.incredibleitinerary.com/blog/charleston-sc-4-days,"Plan your Charleston trip with real prices. 4-day itinerary with budget, mid-range & luxury plans — hotel picks, Google Maps routes & insider tips. Free guide!  Eating shrimp and grits at a candlelit restaurant in a 250-year-old building, walking along Rainbow Row at sunrise before anyone else arrives, taking a ferry to the fortress where the American Civil War began, and buying sweetgrass baskets woven with a technique that predates the founding of America.  #CharlestonTravel #Charleston…",Travel Guides & Itineraries
4 Things to Know Before Visiting Charleston (2026),https://images.unsplash.com/photo-1569761316261-9a8696fa2ca3?w=1000&q=85&fit=crop&ar=2:3,https://www.incredibleitinerary.com/blog/charleston-sc-4-days,"Don't make these mistakes on your Charleston trip. Best time to visit, where to stay, what to eat & the tourist traps to avoid. Real traveller tips from our free guide.  #CharlestonTravel #Charleston #USATravel #TravelGuide #TravelItinerary #WorldTravel #TripPlanning #TravelBlog #TravelTips #TravelHacks",Travel Guides & Itineraries
The Perfect 4-Day Charleston Itinerary (2026),https://images.unsplash.com/photo-1569761316261-9a8696fa2ca3?w=1000&q=85&fit=crop&ar=2:3,https://www.incredibleitinerary.com/blog/charleston-sc-4-days,"Day-by-day Charleston plan with 4 travel styles — budget, couple, adventure & family. Real costs, real routes, real tips from IncredibleItinerary. Plan smarter, travel better!  Eating shrimp and grits at a candlelit restaurant in a 250-year-old building, walking along Rainbow Row at sunrise before anyone else arrives, taking a ferry to the fortress where the American Civil War began, and buying sweetgrass baskets woven with a technique that predates the founding of America.  #CharlestonTravel…",Travel Guides & Itineraries
Savannah in 3 Days — Complete Guide from $50/day,https://images.unsplash.com/photo-1585637071?w=1000&q=85&fit=crop&ar=2:3,https://www.incredibleitinerary.com/blog/savannah-georgia-3-days,"Plan your Savannah trip with real prices. 3-day itinerary with budget, mid-range & luxury plans — hotel picks, Google Maps routes & insider tips. Free guide!  Eating a Low Country boil at a long communal table under Spanish moss, exploring a Victorian cemetery so hauntingly beautiful it became the cover of a bestselling true-crime novel, and walking 22 shaded squares where no two buildings look alike — Savannah, the South's most atmospheric city.  #SavannahTravel #Savannah #USATravel…",Travel Guides & Itineraries
3 Things to Know Before Visiting Savannah (2026),https://images.unsplash.com/photo-1585637071?w=1000&q=85&fit=crop&ar=2:3,https://www.incredibleitinerary.com/blog/savannah-georgia-3-days,"Don't make these mistakes on your Savannah trip. Best time to visit, where to stay, what to eat & the tourist traps to avoid. Real traveller tips from our free guide.  #SavannahTravel #Savannah #USATravel #TravelGuide #TravelItinerary #WorldTravel #TripPlanning #TravelBlog #TravelTips #TravelHacks",Travel Guides & Itineraries
The Perfect 3-Day Savannah Itinerary (2026),https://images.unsplash.com/photo-1585637071?w=1000&q=85&fit=crop&ar=2:3,https://www.incredibleitinerary.com/blog/savannah-georgia-3-days,"Day-by-day Savannah plan with 4 travel styles — budget, couple, adventure & family. Real costs, real routes, real tips from IncredibleItinerary. Plan smarter, travel better!  Eating a Low Country boil at a long communal table under Spanish moss, exploring a Victorian cemetery so hauntingly beautiful it became the cover of a bestselling true-crime novel, and walking 22 shaded squares where no two buildings look alike — Savannah, the South's most atmospheric city.  #SavannahTravel #Savannah…",Travel Guides & Itineraries
Hakone in 2 Days — Complete Guide from $50/day,https://images.unsplash.com/photo-1549880338?w=1000&q=85&fit=crop&ar=2:3,https://www.incredibleitinerary.com/blog/hakone-2-days,"Plan your Hakone trip with real prices. 2-day itinerary with budget, mid-range & luxury plans — hotel picks, Google Maps routes & insider tips. Free guide!  Soaking in a private outdoor onsen as clouds lift to reveal Mount Fuji reflected in the valley below, taking a ropeway over a volcanic caldera where the sulphur smells of pure Japan, and eating a black egg hard-boiled in geothermal springs that supposedly adds seven years to your life — Hakone, the perfect Tokyo weekend.  #HakoneTravel…",Japan & East Asia Travel
2 Things to Know Before Visiting Hakone (2026),https://images.unsplash.com/photo-1549880338?w=1000&q=85&fit=crop&ar=2:3,https://www.incredibleitinerary.com/blog/hakone-2-days,"Don't make these mistakes on your Hakone trip. Best time to visit, where to stay, what to eat & the tourist traps to avoid. Real traveller tips from our free guide.  #HakoneTravel #Hakone #JapanTravel #TravelGuide #TravelItinerary #WorldTravel #TripPlanning #TravelBlog #TravelTips #TravelHacks",Japan & East Asia Travel
The Perfect 2-Day Hakone Itinerary (2026),https://images.unsplash.com/photo-1549880338?w=1000&q=85&fit=crop&ar=2:3,https://www.incredibleitinerary.com/blog/hakone-2-days,"Day-by-day Hakone plan with 4 travel styles — budget, couple, adventure & family. Real costs, real routes, real tips from IncredibleItinerary. Plan smarter, travel better!  Soaking in a private outdoor onsen as clouds lift to reveal Mount Fuji reflected in the valley below, taking a ropeway over a volcanic caldera where the sulphur smells of pure Japan, and eating a black egg hard-boiled in geothermal springs that supposedly adds seven years to your life — Hakone, the perfect Tokyo weekend. …",Japan & East Asia Travel
Da Nang in 4 Days — Complete Guide from $30/day,https://images.unsplash.com/photo-1557750255-c76072a7aad1?w=1000&q=85&fit=crop&ar=2:3,https://www.incredibleitinerary.com/blog/da-nang-4-days,"Plan your Da Nang trip with real prices. 4-day itinerary with budget, mid-range & luxury plans — hotel picks, Google Maps routes & insider tips. Free guide!  Being held aloft by two giant stone hands on a bridge that floats above the clouds at Ba Na Hills, surfing the consistent breaks of My Khe at dawn before the heat arrives, descending into a marble cave temple lit by coloured lanterns, and cycling the lantern-strewn streets of Hoi An Ancient Town.  #DaNangTravel #DaNang #VietnamTravel…",Southeast Asia Travel
4 Things to Know Before Visiting Da Nang (2026),https://images.unsplash.com/photo-1557750255-c76072a7aad1?w=1000&q=85&fit=crop&ar=2:3,https://www.incredibleitinerary.com/blog/da-nang-4-days,"Don't make these mistakes on your Da Nang trip. Best time to visit, where to stay, what to eat & the tourist traps to avoid. Real traveller tips from our free guide.  #DaNangTravel #DaNang #VietnamTravel #TravelGuide #TravelItinerary #WorldTravel #TripPlanning #TravelBlog #TravelTips #TravelHacks",Southeast Asia Travel
The Perfect 4-Day Da Nang Itinerary (2026),https://images.unsplash.com/photo-1557750255-c76072a7aad1?w=1000&q=85&fit=crop&ar=2:3,https://www.incredibleitinerary.com/blog/da-nang-4-days,"Day-by-day Da Nang plan with 4 travel styles — budget, couple, adventure & family. Real costs, real routes, real tips from IncredibleItinerary. Plan smarter, travel better!  Being held aloft by two giant stone hands on a bridge that floats above the clouds at Ba Na Hills, surfing the consistent breaks of My Khe at dawn before the heat arrives, descending into a marble cave temple lit by coloured lanterns, and cycling the lantern-strewn streets of Hoi An Ancient Town.  #DaNangTravel #DaNang…",Southeast Asia Travel
Phnom Penh in 3 Days — Complete Guide from $30/day,https://images.unsplash.com/photo-1506377247377?w=1000&q=85&fit=crop&ar=2:3,https://www.incredibleitinerary.com/blog/phnom-penh-3-days,"Plan your Phnom Penh trip with real prices. 3-day itinerary with budget, mid-range & luxury plans — hotel picks, Google Maps routes & insider tips. Free guide!  Walking through the Royal Palace's Silver Pagoda where the floor is paved with 5,000 silver tiles, sitting in silence at the Killing Fields memorial trying to comprehend modern history's darkest chapters, and eating lok lak beef and amok curry from street carts on the Mekong promenade — Phnom Penh, honest and essential. …",Southeast Asia Travel
3 Things to Know Before Visiting Phnom Penh (2026),https://images.unsplash.com/photo-1506377247377?w=1000&q=85&fit=crop&ar=2:3,https://www.incredibleitinerary.com/blog/phnom-penh-3-days,"Don't make these mistakes on your Phnom Penh trip. Best time to visit, where to stay, what to eat & the tourist traps to avoid. Real traveller tips from our free guide.  #PhnomPenhTravel #PhnomPenh #CambodiaTravel #TravelGuide #TravelItinerary #WorldTravel #TripPlanning #TravelBlog #TravelTips #TravelHacks",Southeast Asia Travel
The Perfect 3-Day Phnom Penh Itinerary (2026),https://images.unsplash.com/photo-1506377247377?w=1000&q=85&fit=crop&ar=2:3,https://www.incredibleitinerary.com/blog/phnom-penh-3-days,"Day-by-day Phnom Penh plan with 4 travel styles — budget, couple, adventure & family. Real costs, real routes, real tips from IncredibleItinerary. Plan smarter, travel better!  Walking through the Royal Palace's Silver Pagoda where the floor is paved with 5,000 silver tiles, sitting in silence at the Killing Fields memorial trying to comprehend modern history's darkest chapters, and eating lok lak beef and amok curry from street carts on the Mekong promenade — Phnom Penh, honest and essential.…",Southeast Asia Travel
Lima in 4 Days — Complete Guide from $50/day,https://images.unsplash.com/photo-1526392060635-9d6019884377?w=1000&q=85&fit=crop&ar=2:3,https://www.incredibleitinerary.com/blog/lima-4-days,"Plan your Lima trip with real prices. 4-day itinerary with budget, mid-range & luxury plans — hotel picks, Google Maps routes & insider tips. Free guide!  Paragliding off the Miraflores cliffs with the Pacific glittering below, eating Peru's national dish at a restaurant where the ceviche has been marinating for exactly eleven minutes, standing in front of pre-Columbian gold that makes the British Museum's collection look like a yard sale, and drinking a pisco sour so perfectly made it…",Travel Guides & Itineraries
4 Things to Know Before Visiting Lima (2026),https://images.unsplash.com/photo-1526392060635-9d6019884377?w=1000&q=85&fit=crop&ar=2:3,https://www.incredibleitinerary.com/blog/lima-4-days,"Don't make these mistakes on your Lima trip. Best time to visit, where to stay, what to eat & the tourist traps to avoid. Real traveller tips from our free guide.  #LimaTravel #Lima #PeruTravel #TravelGuide #TravelItinerary #WorldTravel #TripPlanning #TravelBlog #TravelTips #TravelHacks",Travel Guides & Itineraries
The Perfect 4-Day Lima Itinerary (2026),https://images.unsplash.com/photo-1526392060635-9d6019884377?w=1000&q=85&fit=crop&ar=2:3,https://www.incredibleitinerary.com/blog/lima-4-days,"Day-by-day Lima plan with 4 travel styles — budget, couple, adventure & family. Real costs, real routes, real tips from IncredibleItinerary. Plan smarter, travel better!  Paragliding off the Miraflores cliffs with the Pacific glittering below, eating Peru's national dish at a restaurant where the ceviche has been marinating for exactly eleven minutes, standing in front of pre-Columbian gold that makes the British Museum's collection look like a yard sale, and drinking a pisco sour so perfectly…",Travel Guides & Itineraries
Santiago in 4 Days — Complete Guide from $50/day,https://images.unsplash.com/photo-1541804793527-7f39c9e3af93?w=1000&q=85&fit=crop&ar=2:3,https://www.incredibleitinerary.com/blog/santiago-chile-4-days,"Plan your Santiago trip with real prices. 4-day itinerary with budget, mid-range & luxury plans — hotel picks, Google Maps routes & insider tips. Free guide!  Looking down from a hilltop cross at a city of seven million backed by Andes peaks that still have snow in October, reading Pablo Neruda's love letters displayed in his eccentric house-museum, and taking the train to Valparaiso where the entire city is a canvas of murals ascending funicular hills.  #SantiagoTravel #Santiago #ChileTravel…",Travel Guides & Itineraries
4 Things to Know Before Visiting Santiago (2026),https://images.unsplash.com/photo-1541804793527-7f39c9e3af93?w=1000&q=85&fit=crop&ar=2:3,https://www.incredibleitinerary.com/blog/santiago-chile-4-days,"Don't make these mistakes on your Santiago trip. Best time to visit, where to stay, what to eat & the tourist traps to avoid. Real traveller tips from our free guide.  #SantiagoTravel #Santiago #ChileTravel #TravelGuide #TravelItinerary #WorldTravel #TripPlanning #TravelBlog #TravelTips #TravelHacks",Travel Guides & Itineraries
The Perfect 4-Day Santiago Itinerary (2026),https://images.unsplash.com/photo-1541804793527-7f39c9e3af93?w=1000&q=85&fit=crop&ar=2:3,https://www.incredibleitinerary.com/blog/santiago-chile-4-days,"Day-by-day Santiago plan with 4 travel styles — budget, couple, adventure & family. Real costs, real routes, real tips from IncredibleItinerary. Plan smarter, travel better!  Looking down from a hilltop cross at a city of seven million backed by Andes peaks that still have snow in October, reading Pablo Neruda's love letters displayed in his eccentric house-museum, and taking the train to Valparaiso where the entire city is a canvas of murals ascending funicular hills.  #SantiagoTravel…",Travel Guides & Itineraries
Mendoza in 4 Days — Complete Guide from $50/day,https://images.unsplash.com/photo-1528629297340?w=1000&q=85&fit=crop&ar=2:3,https://www.incredibleitinerary.com/blog/mendoza-argentina-4-days,"Plan your Mendoza trip with real prices. 4-day itinerary with budget, mid-range & luxury plans — hotel picks, Google Maps routes & insider tips. Free guide!  Cycling between wineries in the shadow of Aconcagua — the highest peak outside Asia — stopping to taste Malbecs that score 96 points in Wine Spectator for the price of a fast food meal, watching a chef spit-roast a whole lamb over wood coals for four hours at an estancia lunch that lasts until sunset.  #MendozaTravel #Mendoza…",Travel Guides & Itineraries
4 Things to Know Before Visiting Mendoza (2026),https://images.unsplash.com/photo-1528629297340?w=1000&q=85&fit=crop&ar=2:3,https://www.incredibleitinerary.com/blog/mendoza-argentina-4-days,"Don't make these mistakes on your Mendoza trip. Best time to visit, where to stay, what to eat & the tourist traps to avoid. Real traveller tips from our free guide.  #MendozaTravel #Mendoza #ArgentinaTravel #TravelGuide #TravelItinerary #WorldTravel #TripPlanning #TravelBlog #TravelTips #TravelHacks",Travel Guides & Itineraries
The Perfect 4-Day Mendoza Itinerary (2026),https://images.unsplash.com/photo-1528629297340?w=1000&q=85&fit=crop&ar=2:3,https://www.incredibleitinerary.com/blog/mendoza-argentina-4-days,"Day-by-day Mendoza plan with 4 travel styles — budget, couple, adventure & family. Real costs, real routes, real tips from IncredibleItinerary. Plan smarter, travel better!  Cycling between wineries in the shadow of Aconcagua — the highest peak outside Asia — stopping to taste Malbecs that score 96 points in Wine Spectator for the price of a fast food meal, watching a chef spit-roast a whole lamb over wood coals for four hours at an estancia lunch that lasts until sunset.  #MendozaTravel…",Travel Guides & Itineraries
Siargao in 4 Days — Complete Guide from $30/day,https://images.unsplash.com/photo-1573843981267-be1999ff37cd?w=1000&q=85&fit=crop&ar=2:3,https://www.incredibleitinerary.com/blog/siargao-4-days,"Plan your Siargao trip with real prices. 4-day itinerary with budget, mid-range & luxury plans — hotel picks, Google Maps routes & insider tips. Free guide!  Paddling out to the Cloud 9 reef break where the Philippine Sea barrels over a shallow coral shelf, island-hopping to three tiny sand-ringed islands in a single morning, and kayaking through a lagoon so tranquil and turquoise it looks like a screensaver — Siargao, the island that surfers found first and the rest of the world is just…",Southeast Asia Travel
4 Things to Know Before Visiting Siargao (2026),https://images.unsplash.com/photo-1573843981267-be1999ff37cd?w=1000&q=85&fit=crop&ar=2:3,https://www.incredibleitinerary.com/blog/siargao-4-days,"Don't make these mistakes on your Siargao trip. Best time to visit, where to stay, what to eat & the tourist traps to avoid. Real traveller tips from our free guide.  #SiargaoTravel #Siargao #PhilippinesTravel #TravelGuide #TravelItinerary #WorldTravel #TripPlanning #TravelBlog #TravelTips #TravelHacks",Southeast Asia Travel
The Perfect 4-Day Siargao Itinerary (2026),https://images.unsplash.com/photo-1573843981267-be1999ff37cd?w=1000&q=85&fit=crop&ar=2:3,https://www.incredibleitinerary.com/blog/siargao-4-days,"Day-by-day Siargao plan with 4 travel styles — budget, couple, adventure & family. Real costs, real routes, real tips from IncredibleItinerary. Plan smarter, travel better!  Paddling out to the Cloud 9 reef break where the Philippine Sea barrels over a shallow coral shelf, island-hopping to three tiny sand-ringed islands in a single morning, and kayaking through a lagoon so tranquil and turquoise it looks like a screensaver — Siargao, the island that surfers found first and the rest of the…",Southeast Asia Travel
Yokohama in 2 Days — Complete Guide from $50/day,https://images.unsplash.com/photo-1578469645742-46cae010e5d4?w=1000&q=85&fit=crop&ar=2:3,https://www.incredibleitinerary.com/blog/yokohama-2-days,"Plan your Yokohama trip with real prices. 2-day itinerary with budget, mid-range & luxury plans — hotel picks, Google Maps routes & insider tips. Free guide!  Eating dumplings in Japan's largest Chinatown where over 200 restaurants compete for your appetite, inventing your own ramen flavour at the world's only Cup Noodles Museum, and watching the Landmark Tower reflect in the harbour at the end of a long light trail from the Red Brick Warehouse.  #YokohamaTravel #Yokohama #JapanTravel…",Japan & East Asia Travel
2 Things to Know Before Visiting Yokohama (2026),https://images.unsplash.com/photo-1578469645742-46cae010e5d4?w=1000&q=85&fit=crop&ar=2:3,https://www.incredibleitinerary.com/blog/yokohama-2-days,"Don't make these mistakes on your Yokohama trip. Best time to visit, where to stay, what to eat & the tourist traps to avoid. Real traveller tips from our free guide.  #YokohamaTravel #Yokohama #JapanTravel #TravelGuide #TravelItinerary #WorldTravel #TripPlanning #TravelBlog #TravelTips #TravelHacks",Japan & East Asia Travel
The Perfect 2-Day Yokohama Itinerary (2026),https://images.unsplash.com/photo-1578469645742-46cae010e5d4?w=1000&q=85&fit=crop&ar=2:3,https://www.incredibleitinerary.com/blog/yokohama-2-days,"Day-by-day Yokohama plan with 4 travel styles — budget, couple, adventure & family. Real costs, real routes, real tips from IncredibleItinerary. Plan smarter, travel better!  Eating dumplings in Japan's largest Chinatown where over 200 restaurants compete for your appetite, inventing your own ramen flavour at the world's only Cup Noodles Museum, and watching the Landmark Tower reflect in the harbour at the end of a long light trail from the Red Brick Warehouse.  #YokohamaTravel #Yokohama…",Japan & East Asia Travel
Quito in 4 Days — Complete Guide from $50/day,https://images.unsplash.com/photo-IUwpdJVM4Fc?w=1000&q=85&fit=crop&ar=2:3,https://www.incredibleitinerary.com/blog/quito-ecuador-4-days,"Plan your Quito trip with real prices. 4-day itinerary with budget, mid-range & luxury plans — hotel picks, Google Maps routes & insider tips. Free guide!  Standing with one foot in each hemisphere at the equatorial monument, hiking the slopes of an active 5,897-metre volcano through cloud forest to alpine meadows, and eating ceviche de camaron and locro potato soup in one of the best-preserved colonial city centres in all of Latin America.  #QuitoTravel #Quito #EcuadorTravel #TravelGuide…",Travel Guides & Itineraries
4 Things to Know Before Visiting Quito (2026),https://images.unsplash.com/photo-IUwpdJVM4Fc?w=1000&q=85&fit=crop&ar=2:3,https://www.incredibleitinerary.com/blog/quito-ecuador-4-days,"Don't make these mistakes on your Quito trip. Best time to visit, where to stay, what to eat & the tourist traps to avoid. Real traveller tips from our free guide.  #QuitoTravel #Quito #EcuadorTravel #TravelGuide #TravelItinerary #WorldTravel #TripPlanning #TravelBlog #TravelTips #TravelHacks",Travel Guides & Itineraries
The Perfect 4-Day Quito Itinerary (2026),https://images.unsplash.com/photo-IUwpdJVM4Fc?w=1000&q=85&fit=crop&ar=2:3,https://www.incredibleitinerary.com/blog/quito-ecuador-4-days,"Day-by-day Quito plan with 4 travel styles — budget, couple, adventure & family. Real costs, real routes, real tips from IncredibleItinerary. Plan smarter, travel better!  Standing with one foot in each hemisphere at the equatorial monument, hiking the slopes of an active 5,897-metre volcano through cloud forest to alpine meadows, and eating ceviche de camaron and locro potato soup in one of the best-preserved colonial city centres in all of Latin America.  #QuitoTravel #Quito #EcuadorTravel…",Travel Guides & Itineraries
Trinidad & Tobago in 5 Days — Complete Guide from $50/day,https://images.unsplash.com/photo-1548574505-5e239809ee19?w=1000&q=85&fit=crop&ar=2:3,https://www.incredibleitinerary.com/blog/trinidad-tobago-5-days,"Plan your Trinidad & Tobago trip with real prices. 5-day itinerary with budget, mid-range & luxury plans — hotel picks, Google Maps routes & insider tips. Free guide!  Watching 430 bird species compete for your attention at a single nature centre, swimming at a beach so perfect that a Robinson Crusoe film used it as a stand-in for paradise, and arriving during Carnival when two million people in sequinned costumes shut down a nation for the greatest street party on Earth. …",Travel Guides & Itineraries
5 Things to Know Before Visiting Trinidad & Tobago (2026),https://images.unsplash.com/photo-1548574505-5e239809ee19?w=1000&q=85&fit=crop&ar=2:3,https://www.incredibleitinerary.com/blog/trinidad-tobago-5-days,"Don't make these mistakes on your Trinidad & Tobago trip. Best time to visit, where to stay, what to eat & the tourist traps to avoid. Real traveller tips from our free guide.  #Trinidad&TobagoTravel #Trinidad&Tobago #TravelGuide #TravelItinerary #WorldTravel #TripPlanning #TravelBlog #Caribbean #TravelTips #TravelHacks",Travel Guides & Itineraries
The Perfect 5-Day Trinidad & Tobago Itinerary (2026),https://images.unsplash.com/photo-1548574505-5e239809ee19?w=1000&q=85&fit=crop&ar=2:3,https://www.incredibleitinerary.com/blog/trinidad-tobago-5-days,"Day-by-day Trinidad & Tobago plan with 4 travel styles — budget, couple, adventure & family. Real costs, real routes, real tips from IncredibleItinerary. Plan smarter, travel better!  Watching 430 bird species compete for your attention at a single nature centre, swimming at a beach so perfect that a Robinson Crusoe film used it as a stand-in for paradise, and arriving during Carnival when two million people in sequinned costumes shut down a nation for the greatest street party on Earth. …",Travel Guides & Itineraries
Reykjavik in 4 Days — Complete Guide from $50/day,https://images.unsplash.com/photo-1513407030348-c983a97b98d8?w=1000&q=85&fit=crop&ar=2:3,https://www.incredibleitinerary.com/blog/reykjavik-4-days,"Plan your Reykjavik trip with real prices. 4-day itinerary with budget, mid-range & luxury plans — hotel picks, Google Maps routes & insider tips. Free guide!  Watching the aurora borealis ripple green across a sky so dark you can see the Milky Way, soaking in a geothermal lagoon while snow falls silently around you, watching a geyser erupt to 20 metres on a precise schedule, and eating Iceland's most beloved hot dog from the cart outside a supermarket.  #ReykjavikTravel #Reykjavik…",Travel Guides & Itineraries
4 Things to Know Before Visiting Reykjavik (2026),https://images.unsplash.com/photo-1513407030348-c983a97b98d8?w=1000&q=85&fit=crop&ar=2:3,https://www.incredibleitinerary.com/blog/reykjavik-4-days,"Don't make these mistakes on your Reykjavik trip. Best time to visit, where to stay, what to eat & the tourist traps to avoid. Real traveller tips from our free guide.  #ReykjavikTravel #Reykjavik #IcelandTravel #TravelGuide #TravelItinerary #WorldTravel #TripPlanning #TravelBlog #TravelTips #TravelHacks",Travel Guides & Itineraries
The Perfect 4-Day Reykjavik Itinerary (2026),https://images.unsplash.com/photo-1513407030348-c983a97b98d8?w=1000&q=85&fit=crop&ar=2:3,https://www.incredibleitinerary.com/blog/reykjavik-4-days,"Day-by-day Reykjavik plan with 4 travel styles — budget, couple, adventure & family. Real costs, real routes, real tips from IncredibleItinerary. Plan smarter, travel better!  Watching the aurora borealis ripple green across a sky so dark you can see the Milky Way, soaking in a geothermal lagoon while snow falls silently around you, watching a geyser erupt to 20 metres on a precise schedule, and eating Iceland's most beloved hot dog from the cart outside a supermarket.  #ReykjavikTravel…",Travel Guides & Itineraries
Ghent in 3 Days — Complete Guide from $50/day,https://images.unsplash.com/photo-1559113202-c916b8e44373?w=1000&q=85&fit=crop&ar=2:3,https://www.incredibleitinerary.com/blog/ghent-3-days,"Plan your Ghent trip with real prices. 3-day itinerary with budget, mid-range & luxury plans — hotel picks, Google Maps routes & insider tips. Free guide!  Standing in front of the painting that started the entire history of Western art — Van Eyck's Ghent Altarpiece, returned from Nazi theft to its medieval cathedral — then drinking a Trappist beer in a medieval guildhall, and eating the best beef stew in Belgium at a restaurant older than most countries.  #GhentTravel #Ghent #BelgiumTravel…",Travel Guides & Itineraries
3 Things to Know Before Visiting Ghent (2026),https://images.unsplash.com/photo-1559113202-c916b8e44373?w=1000&q=85&fit=crop&ar=2:3,https://www.incredibleitinerary.com/blog/ghent-3-days,"Don't make these mistakes on your Ghent trip. Best time to visit, where to stay, what to eat & the tourist traps to avoid. Real traveller tips from our free guide.  #GhentTravel #Ghent #BelgiumTravel #TravelGuide #TravelItinerary #WorldTravel #TripPlanning #TravelBlog #TravelTips #TravelHacks",Travel Guides & Itineraries
The Perfect 3-Day Ghent Itinerary (2026),https://images.unsplash.com/photo-1559113202-c916b8e44373?w=1000&q=85&fit=crop&ar=2:3,https://www.incredibleitinerary.com/blog/ghent-3-days,"Day-by-day Ghent plan with 4 travel styles — budget, couple, adventure & family. Real costs, real routes, real tips from IncredibleItinerary. Plan smarter, travel better!  Standing in front of the painting that started the entire history of Western art — Van Eyck's Ghent Altarpiece, returned from Nazi theft to its medieval cathedral — then drinking a Trappist beer in a medieval guildhall, and eating the best beef stew in Belgium at a restaurant older than most countries.  #GhentTravel #Ghent…",Travel Guides & Itineraries
Split in 4 Days — Complete Guide from $50/day,https://images.unsplash.com/photo-1555881400-74d7acaacd8b?w=1000&q=85&fit=crop&ar=2:3,https://www.incredibleitinerary.com/blog/split-croatia-4-days,"Plan your Split trip with real prices. 4-day itinerary with budget, mid-range & luxury plans — hotel picks, Google Maps routes & insider tips. Free guide!  Waking up inside a Roman emperor's retirement palace where 3,000 people still live and work, taking a boat to Hvar where lavender fields meet the Adriatic, chasing waterfalls through the national park you can swim beneath, and eating a slow-cooked lamb dish that requires four hours and a bell-shaped lid.  #SplitTravel #Split #CroatiaTravel…",Europe Travel Guides
4 Things to Know Before Visiting Split (2026),https://images.unsplash.com/photo-1555881400-74d7acaacd8b?w=1000&q=85&fit=crop&ar=2:3,https://www.incredibleitinerary.com/blog/split-croatia-4-days,"Don't make these mistakes on your Split trip. Best time to visit, where to stay, what to eat & the tourist traps to avoid. Real traveller tips from our free guide.  #SplitTravel #Split #CroatiaTravel #TravelGuide #TravelItinerary #WorldTravel #TripPlanning #TravelBlog #TravelTips #TravelHacks",Europe Travel Guides
The Perfect 4-Day Split Itinerary (2026),https://images.unsplash.com/photo-1555881400-74d7acaacd8b?w=1000&q=85&fit=crop&ar=2:3,https://www.incredibleitinerary.com/blog/split-croatia-4-days,"Day-by-day Split plan with 4 travel styles — budget, couple, adventure & family. Real costs, real routes, real tips from IncredibleItinerary. Plan smarter, travel better!  Waking up inside a Roman emperor's retirement palace where 3,000 people still live and work, taking a boat to Hvar where lavender fields meet the Adriatic, chasing waterfalls through the national park you can swim beneath, and eating a slow-cooked lamb dish that requires four hours and a bell-shaped lid.  #SplitTravel #Split…",Europe Travel Guides
Kotor in 3 Days — Complete Guide from $50/day,https://images.unsplash.com/photo-1545079968?w=1000&q=85&fit=crop&ar=2:3,https://www.incredibleitinerary.com/blog/kotor-montenegro-3-days,"Plan your Kotor trip with real prices. 3-day itinerary with budget, mid-range & luxury plans — hotel picks, Google Maps routes & insider tips. Free guide!  Climbing 1,355 steps to a fortress that overlooks what is technically Europe's southernmost fjord, taking a boat to a tiny island church built on sunken ships and accumulated pebbles by fishermen for 600 years, and drinking Vranac red wine on a terrace as the bay turns copper in the evening light.  #KotorTravel #Kotor #MontenegroTravel…",Travel Guides & Itineraries
3 Things to Know Before Visiting Kotor (2026),https://images.unsplash.com/photo-1545079968?w=1000&q=85&fit=crop&ar=2:3,https://www.incredibleitinerary.com/blog/kotor-montenegro-3-days,"Don't make these mistakes on your Kotor trip. Best time to visit, where to stay, what to eat & the tourist traps to avoid. Real traveller tips from our free guide.  #KotorTravel #Kotor #MontenegroTravel #TravelGuide #TravelItinerary #WorldTravel #TripPlanning #TravelBlog #TravelTips #TravelHacks",Travel Guides & Itineraries
The Perfect 3-Day Kotor Itinerary (2026),https://images.unsplash.com/photo-1545079968?w=1000&q=85&fit=crop&ar=2:3,https://www.incredibleitinerary.com/blog/kotor-montenegro-3-days,"Day-by-day Kotor plan with 4 travel styles — budget, couple, adventure & family. Real costs, real routes, real tips from IncredibleItinerary. Plan smarter, travel better!  Climbing 1,355 steps to a fortress that overlooks what is technically Europe's southernmost fjord, taking a boat to a tiny island church built on sunken ships and accumulated pebbles by fishermen for 600 years, and drinking Vranac red wine on a terrace as the bay turns copper in the evening light.  #KotorTravel #Kotor…",Travel Guides & Itineraries
Tirana in 3 Days — Complete Guide from $50/day,https://images.unsplash.com/photo-1523482580672?w=1000&q=85&fit=crop&ar=2:3,https://www.incredibleitinerary.com/blog/tirana-albania-3-days,"Plan your Tirana trip with real prices. 3-day itinerary with budget, mid-range & luxury plans — hotel picks, Google Maps routes & insider tips. Free guide!  Descending into a nuclear bunker that held 4,000 people and now holds 4,000 pieces of art documenting one of history's most isolated regimes, drinking espresso in a neighbourhood that was literally forbidden to anyone who wasn't a Communist Party official, and riding a cable car to a mountain that overlooks the most rapidly changing…",Travel Guides & Itineraries
3 Things to Know Before Visiting Tirana (2026),https://images.unsplash.com/photo-1523482580672?w=1000&q=85&fit=crop&ar=2:3,https://www.incredibleitinerary.com/blog/tirana-albania-3-days,"Don't make these mistakes on your Tirana trip. Best time to visit, where to stay, what to eat & the tourist traps to avoid. Real traveller tips from our free guide.  #TiranaTravel #Tirana #AlbaniaTravel #TravelGuide #TravelItinerary #WorldTravel #TripPlanning #TravelBlog #TravelTips #TravelHacks",Travel Guides & Itineraries
The Perfect 3-Day Tirana Itinerary (2026),https://images.unsplash.com/photo-1523482580672?w=1000&q=85&fit=crop&ar=2:3,https://www.incredibleitinerary.com/blog/tirana-albania-3-days,"Day-by-day Tirana plan with 4 travel styles — budget, couple, adventure & family. Real costs, real routes, real tips from IncredibleItinerary. Plan smarter, travel better!  Descending into a nuclear bunker that held 4,000 people and now holds 4,000 pieces of art documenting one of history's most isolated regimes, drinking espresso in a neighbourhood that was literally forbidden to anyone who wasn't a Communist Party official, and riding a cable car to a mountain that overlooks the most rapidly…",Travel Guides & Itineraries
Bratislava in 3 Days — Complete Guide from $50/day,https://images.unsplash.com/photo-8rtZkhmqsN4?w=1000&q=85&fit=crop&ar=2:3,https://www.incredibleitinerary.com/blog/bratislava-3-days,"Plan your Bratislava trip with real prices. 3-day itinerary with budget, mid-range & luxury plans — hotel picks, Google Maps routes & insider tips. Free guide!  Drinking Slovak wine inside a medieval castle, taking a free elevator to a UFO-shaped observation pod over the Danube, exploring a perfectly preserved Baroque old town that most Central European travellers skip on their way to Vienna — Bratislava, the overlooked capital where everything costs half what it does next door. …",Travel Guides & Itineraries
3 Things to Know Before Visiting Bratislava (2026),https://images.unsplash.com/photo-8rtZkhmqsN4?w=1000&q=85&fit=crop&ar=2:3,https://www.incredibleitinerary.com/blog/bratislava-3-days,"Don't make these mistakes on your Bratislava trip. Best time to visit, where to stay, what to eat & the tourist traps to avoid. Real traveller tips from our free guide.  #BratislavaTravel #Bratislava #SlovakiaTravel #TravelGuide #TravelItinerary #WorldTravel #TripPlanning #TravelBlog #TravelTips #TravelHacks",Travel Guides & Itineraries
The Perfect 3-Day Bratislava Itinerary (2026),https://images.unsplash.com/photo-8rtZkhmqsN4?w=1000&q=85&fit=crop&ar=2:3,https://www.incredibleitinerary.com/blog/bratislava-3-days,"Day-by-day Bratislava plan with 4 travel styles — budget, couple, adventure & family. Real costs, real routes, real tips from IncredibleItinerary. Plan smarter, travel better!  Drinking Slovak wine inside a medieval castle, taking a free elevator to a UFO-shaped observation pod over the Danube, exploring a perfectly preserved Baroque old town that most Central European travellers skip on their way to Vienna — Bratislava, the overlooked capital where everything costs half what it does next…",Travel Guides & Itineraries
Luxembourg City in 2 Days — Complete Guide from $50/day,https://images.unsplash.com/photo-1574895516668-c84aa49df2bc?w=1000&q=85&fit=crop&ar=2:3,https://www.incredibleitinerary.com/blog/luxembourg-city-2-days,"Plan your Luxembourg City trip with real prices. 2-day itinerary with budget, mid-range & luxury plans — hotel picks, Google Maps routes & insider tips. Free guide!  Wandering through 23km of underground tunnels carved into solid rock by the Habsburgs, discovering that one of Europe's wealthiest capitals has free public transport for everyone, and driving through a fairy-tale gorge where waterfalls emerge from moss-covered boulders — Luxembourg City, the tiny country punching at the very top. …",Travel Guides & Itineraries
2 Things to Know Before Visiting Luxembourg City (2026),https://images.unsplash.com/photo-1574895516668-c84aa49df2bc?w=1000&q=85&fit=crop&ar=2:3,https://www.incredibleitinerary.com/blog/luxembourg-city-2-days,"Don't make these mistakes on your Luxembourg City trip. Best time to visit, where to stay, what to eat & the tourist traps to avoid. Real traveller tips from our free guide.  #LuxembourgCityTravel #LuxembourgCity #LuxembourgTravel #TravelGuide #TravelItinerary #WorldTravel #TripPlanning #TravelBlog #TravelTips #TravelHacks",Travel Guides & Itineraries
The Perfect 2-Day Luxembourg City Itinerary (2026),https://images.unsplash.com/photo-1574895516668-c84aa49df2bc?w=1000&q=85&fit=crop&ar=2:3,https://www.incredibleitinerary.com/blog/luxembourg-city-2-days,"Day-by-day Luxembourg City plan with 4 travel styles — budget, couple, adventure & family. Real costs, real routes, real tips from IncredibleItinerary. Plan smarter, travel better!  Wandering through 23km of underground tunnels carved into solid rock by the Habsburgs, discovering that one of Europe's wealthiest capitals has free public transport for everyone, and driving through a fairy-tale gorge where waterfalls emerge from moss-covered boulders — Luxembourg City, the tiny country punching…",Travel Guides & Itineraries
Zagreb in 3 Days — Complete Guide from $50/day,https://images.unsplash.com/photo-1570168007204?w=1000&q=85&fit=crop&ar=2:3,https://www.incredibleitinerary.com/blog/zagreb-3-days,"Plan your Zagreb trip with real prices. 3-day itinerary with budget, mid-range & luxury plans — hotel picks, Google Maps routes & insider tips. Free guide!  Weeping in a museum dedicated entirely to failed love affairs, eating fresh truffles at a farmers' market run by the same family for 90 years, taking a funicular up a hill that costs less than a euro and delivers you to a medieval clock tower that fires a cannon at noon — Zagreb, Croatia's underrated capital.  #ZagrebTravel #Zagreb…",Europe Travel Guides
3 Things to Know Before Visiting Zagreb (2026),https://images.unsplash.com/photo-1570168007204?w=1000&q=85&fit=crop&ar=2:3,https://www.incredibleitinerary.com/blog/zagreb-3-days,"Don't make these mistakes on your Zagreb trip. Best time to visit, where to stay, what to eat & the tourist traps to avoid. Real traveller tips from our free guide.  #ZagrebTravel #Zagreb #CroatiaTravel #TravelGuide #TravelItinerary #WorldTravel #TripPlanning #TravelBlog #TravelTips #TravelHacks",Europe Travel Guides
The Perfect 3-Day Zagreb Itinerary (2026),https://images.unsplash.com/photo-1570168007204?w=1000&q=85&fit=crop&ar=2:3,https://www.incredibleitinerary.com/blog/zagreb-3-days,"Day-by-day Zagreb plan with 4 travel styles — budget, couple, adventure & family. Real costs, real routes, real tips from IncredibleItinerary. Plan smarter, travel better!  Weeping in a museum dedicated entirely to failed love affairs, eating fresh truffles at a farmers' market run by the same family for 90 years, taking a funicular up a hill that costs less than a euro and delivers you to a medieval clock tower that fires a cannon at noon — Zagreb, Croatia's underrated capital.  #ZagrebTravel…",Europe Travel Guides
Belfast in 4 Days — Complete Guide from $50/day,https://images.unsplash.com/photo-1516939884455?w=1000&q=85&fit=crop&ar=2:3,https://www.incredibleitinerary.com/blog/belfast-4-days,"Plan your Belfast trip with real prices. 4-day itinerary with budget, mid-range & luxury plans — hotel picks, Google Maps routes & insider tips. Free guide!  Standing in the exact dry dock where the Titanic was built and launched, riding a black taxi through divided murals that explain Northern Ireland's Troubles better than any history book, watching basalt columns emerge from the sea at Giant's Causeway, and spotting every Game of Thrones filming location in a single day's drive. …",Europe Travel Guides
4 Things to Know Before Visiting Belfast (2026),https://images.unsplash.com/photo-1516939884455?w=1000&q=85&fit=crop&ar=2:3,https://www.incredibleitinerary.com/blog/belfast-4-days,"Don't make these mistakes on your Belfast trip. Best time to visit, where to stay, what to eat & the tourist traps to avoid. Real traveller tips from our free guide.  #BelfastTravel #Belfast #NorthernIrelandTravel #TravelGuide #TravelItinerary #WorldTravel #TripPlanning #TravelBlog #TravelTips #TravelHacks",Europe Travel Guides
The Perfect 4-Day Belfast Itinerary (2026),https://images.unsplash.com/photo-1516939884455?w=1000&q=85&fit=crop&ar=2:3,https://www.incredibleitinerary.com/blog/belfast-4-days,"Day-by-day Belfast plan with 4 travel styles — budget, couple, adventure & family. Real costs, real routes, real tips from IncredibleItinerary. Plan smarter, travel better!  Standing in the exact dry dock where the Titanic was built and launched, riding a black taxi through divided murals that explain Northern Ireland's Troubles better than any history book, watching basalt columns emerge from the sea at Giant's Causeway, and spotting every Game of Thrones filming location in a single day's…",Europe Travel Guides
Galway in 3 Days — Complete Guide from $50/day,https://images.unsplash.com/photo-1590698933947?w=1000&q=85&fit=crop&ar=2:3,https://www.incredibleitinerary.com/blog/galway-3-days,"Plan your Galway trip with real prices. 3-day itinerary with budget, mid-range & luxury plans — hotel picks, Google Maps routes & insider tips. Free guide!  Listening to a fiddle session that started at 9pm and shows no signs of stopping at midnight in a pub that has been serving Guinness since 1650, taking a ferry to an island where people still speak Irish as their first language, and eating the best oysters in the world at the festival that celebrates them every September.  #GalwayTravel…",Europe Travel Guides
3 Things to Know Before Visiting Galway (2026),https://images.unsplash.com/photo-1590698933947?w=1000&q=85&fit=crop&ar=2:3,https://www.incredibleitinerary.com/blog/galway-3-days,"Don't make these mistakes on your Galway trip. Best time to visit, where to stay, what to eat & the tourist traps to avoid. Real traveller tips from our free guide.  #GalwayTravel #Galway #IrelandTravel #TravelGuide #TravelItinerary #WorldTravel #TripPlanning #TravelBlog #TravelTips #TravelHacks",Europe Travel Guides
The Perfect 3-Day Galway Itinerary (2026),https://images.unsplash.com/photo-1590698933947?w=1000&q=85&fit=crop&ar=2:3,https://www.incredibleitinerary.com/blog/galway-3-days,"Day-by-day Galway plan with 4 travel styles — budget, couple, adventure & family. Real costs, real routes, real tips from IncredibleItinerary. Plan smarter, travel better!  Listening to a fiddle session that started at 9pm and shows no signs of stopping at midnight in a pub that has been serving Guinness since 1650, taking a ferry to an island where people still speak Irish as their first language, and eating the best oysters in the world at the festival that celebrates them every September. …",Europe Travel Guides
Bilbao in 3 Days — Complete Guide from $50/day,https://images.unsplash.com/photo-1509721434272-b79147e0e708?w=1000&q=85&fit=crop&ar=2:3,https://www.incredibleitinerary.com/blog/bilbao-3-days,"Plan your Bilbao trip with real prices. 3-day itinerary with budget, mid-range & luxury plans — hotel picks, Google Maps routes & insider tips. Free guide!  Circling Frank Gehry's titanium-clad museum that single-handedly transformed a post-industrial port city into a global art destination, standing on a tiny island hermitage at the end of a spiral staircase carved into a sea stack, and learning that the best food in Spain might not be in Madrid or Barcelona.  #BilbaoTravel #Bilbao…",Europe Travel Guides
3 Things to Know Before Visiting Bilbao (2026),https://images.unsplash.com/photo-1509721434272-b79147e0e708?w=1000&q=85&fit=crop&ar=2:3,https://www.incredibleitinerary.com/blog/bilbao-3-days,"Don't make these mistakes on your Bilbao trip. Best time to visit, where to stay, what to eat & the tourist traps to avoid. Real traveller tips from our free guide.  #BilbaoTravel #Bilbao #SpainTravel #TravelGuide #TravelItinerary #WorldTravel #TripPlanning #TravelBlog #TravelTips #TravelHacks",Europe Travel Guides
The Perfect 3-Day Bilbao Itinerary (2026),https://images.unsplash.com/photo-1509721434272-b79147e0e708?w=1000&q=85&fit=crop&ar=2:3,https://www.incredibleitinerary.com/blog/bilbao-3-days,"Day-by-day Bilbao plan with 4 travel styles — budget, couple, adventure & family. Real costs, real routes, real tips from IncredibleItinerary. Plan smarter, travel better!  Circling Frank Gehry's titanium-clad museum that single-handedly transformed a post-industrial port city into a global art destination, standing on a tiny island hermitage at the end of a spiral staircase carved into a sea stack, and learning that the best food in Spain might not be in Madrid or Barcelona.  #BilbaoTravel…",Europe Travel Guides
Oslo in 3 Days — Complete Guide from $50/day,https://images.unsplash.com/photo-ncrAA1Kc7QM?w=1000&q=85&fit=crop&ar=2:3,https://www.incredibleitinerary.com/blog/oslo-3-days,"Plan your Oslo trip with real prices. 3-day itinerary with budget, mid-range & luxury plans — hotel picks, Google Maps routes & insider tips. Free guide!  Standing inside a Viking longship that crossed the North Atlantic 1,100 years ago, watching 200 granite sculptures arranged in a circle depicting every stage of human life from birth to death, kayaking between islands in the Oslo Fjord, and eating an open-faced sandwich so elaborate it requires a knife, fork, and 15 minutes.  #OsloTravel…",Travel Guides & Itineraries
3 Things to Know Before Visiting Oslo (2026),https://images.unsplash.com/photo-ncrAA1Kc7QM?w=1000&q=85&fit=crop&ar=2:3,https://www.incredibleitinerary.com/blog/oslo-3-days,"Don't make these mistakes on your Oslo trip. Best time to visit, where to stay, what to eat & the tourist traps to avoid. Real traveller tips from our free guide.  #OsloTravel #Oslo #NorwayTravel #TravelGuide #TravelItinerary #WorldTravel #TripPlanning #TravelBlog #TravelTips #TravelHacks",Travel Guides & Itineraries
The Perfect 3-Day Oslo Itinerary (2026),https://images.unsplash.com/photo-ncrAA1Kc7QM?w=1000&q=85&fit=crop&ar=2:3,https://www.incredibleitinerary.com/blog/oslo-3-days,"Day-by-day Oslo plan with 4 travel styles — budget, couple, adventure & family. Real costs, real routes, real tips from IncredibleItinerary. Plan smarter, travel better!  Standing inside a Viking longship that crossed the North Atlantic 1,100 years ago, watching 200 granite sculptures arranged in a circle depicting every stage of human life from birth to death, kayaking between islands in the Oslo Fjord, and eating an open-faced sandwich so elaborate it requires a knife, fork, and 15 minutes. …",Travel Guides & Itineraries
Wroclaw in 3 Days — Complete Guide from $50/day,https://images.unsplash.com/photo-nalMhDUhxWU?w=1000&q=85&fit=crop&ar=2:3,https://www.incredibleitinerary.com/blog/wroclaw-3-days,"Plan your Wroclaw trip with real prices. 3-day itinerary with budget, mid-range & luxury plans — hotel picks, Google Maps routes & insider tips. Free guide!  Hunting 700 bronze gnomes hidden across a city that was 70% destroyed and rebuilt with such care it won European Capital of Culture, crossing a wooden drawbridge at dusk to a candlelit cathedral island where gas lamps still light the streets, and drinking craft beer in a brewpub inside a 14th-century building.  #WroclawTravel #Wroclaw…",Europe Travel Guides
3 Things to Know Before Visiting Wroclaw (2026),https://images.unsplash.com/photo-nalMhDUhxWU?w=1000&q=85&fit=crop&ar=2:3,https://www.incredibleitinerary.com/blog/wroclaw-3-days,"Don't make these mistakes on your Wroclaw trip. Best time to visit, where to stay, what to eat & the tourist traps to avoid. Real traveller tips from our free guide.  #WroclawTravel #Wroclaw #PolandTravel #TravelGuide #TravelItinerary #WorldTravel #TripPlanning #TravelBlog #TravelTips #TravelHacks",Europe Travel Guides
The Perfect 3-Day Wroclaw Itinerary (2026),https://images.unsplash.com/photo-nalMhDUhxWU?w=1000&q=85&fit=crop&ar=2:3,https://www.incredibleitinerary.com/blog/wroclaw-3-days,"Day-by-day Wroclaw plan with 4 travel styles — budget, couple, adventure & family. Real costs, real routes, real tips from IncredibleItinerary. Plan smarter, travel better!  Hunting 700 bronze gnomes hidden across a city that was 70% destroyed and rebuilt with such care it won European Capital of Culture, crossing a wooden drawbridge at dusk to a candlelit cathedral island where gas lamps still light the streets, and drinking craft beer in a brewpub inside a 14th-century building. …",Europe Travel Guides
Palermo in 3 Days — Complete Guide from $50/day,https://images.unsplash.com/photo-1507608616759?w=1000&q=85&fit=crop&ar=2:3,https://www.incredibleitinerary.com/blog/palermo-3-days,"Plan your Palermo trip with real prices. 3-day itinerary with budget, mid-range & luxury plans — hotel picks, Google Maps routes & insider tips. Free guide!  Eating arancini fried fresh from a street cart in a market that has been selling the same products since Arab traders set up their stalls 1,000 years ago, staring at golden Byzantine mosaics inside a Norman chapel built by rulers who spoke four languages and practised three religions simultaneously.  #PalermoTravel #Palermo #ItalyTravel…",Europe Travel Guides
3 Things to Know Before Visiting Palermo (2026),https://images.unsplash.com/photo-1507608616759?w=1000&q=85&fit=crop&ar=2:3,https://www.incredibleitinerary.com/blog/palermo-3-days,"Don't make these mistakes on your Palermo trip. Best time to visit, where to stay, what to eat & the tourist traps to avoid. Real traveller tips from our free guide.  #PalermoTravel #Palermo #ItalyTravel #TravelGuide #TravelItinerary #WorldTravel #TripPlanning #TravelBlog #TravelTips #TravelHacks",Europe Travel Guides
The Perfect 3-Day Palermo Itinerary (2026),https://images.unsplash.com/photo-1507608616759?w=1000&q=85&fit=crop&ar=2:3,https://www.incredibleitinerary.com/blog/palermo-3-days,"Day-by-day Palermo plan with 4 travel styles — budget, couple, adventure & family. Real costs, real routes, real tips from IncredibleItinerary. Plan smarter, travel better!  Eating arancini fried fresh from a street cart in a market that has been selling the same products since Arab traders set up their stalls 1,000 years ago, staring at golden Byzantine mosaics inside a Norman chapel built by rulers who spoke four languages and practised three religions simultaneously.  #PalermoTravel…",Europe Travel Guides
Amman in 4 Days — Complete Guide from $80/day,https://images.unsplash.com/photo-1533929736458?w=1000&q=85&fit=crop&ar=2:3,https://www.incredibleitinerary.com/blog/amman-4-days,"Plan your Amman trip with real prices. 4-day itinerary with budget, mid-range & luxury plans — hotel picks, Google Maps routes & insider tips. Free guide!  Floating effortlessly in water so salty you cannot sink no matter how hard you try, walking through a canyon carved by water and time into a city of rose-red rock carved by human hands 2,000 years ago, and eating mansaf — Jordan's national dish of lamb slow-cooked in fermented yogurt — from a communal platter with your right hand only. …",Middle East Travel
4 Things to Know Before Visiting Amman (2026),https://images.unsplash.com/photo-1533929736458?w=1000&q=85&fit=crop&ar=2:3,https://www.incredibleitinerary.com/blog/amman-4-days,"Don't make these mistakes on your Amman trip. Best time to visit, where to stay, what to eat & the tourist traps to avoid. Real traveller tips from our free guide.  #AmmanTravel #Amman #JordanTravel #TravelGuide #TravelItinerary #WorldTravel #TripPlanning #TravelBlog #TravelTips #TravelHacks",Middle East Travel
The Perfect 4-Day Amman Itinerary (2026),https://images.unsplash.com/photo-1533929736458?w=1000&q=85&fit=crop&ar=2:3,https://www.incredibleitinerary.com/blog/amman-4-days,"Day-by-day Amman plan with 4 travel styles — budget, couple, adventure & family. Real costs, real routes, real tips from IncredibleItinerary. Plan smarter, travel better!  Floating effortlessly in water so salty you cannot sink no matter how hard you try, walking through a canyon carved by water and time into a city of rose-red rock carved by human hands 2,000 years ago, and eating mansaf — Jordan's national dish of lamb slow-cooked in fermented yogurt — from a communal platter with your right…",Middle East Travel
Casablanca in 3 Days — Complete Guide from $50/day,https://images.unsplash.com/photo-1466854076813?w=1000&q=85&fit=crop&ar=2:3,https://www.incredibleitinerary.com/blog/casablanca-3-days,"Plan your Casablanca trip with real prices. 3-day itinerary with budget, mid-range & luxury plans — hotel picks, Google Maps routes & insider tips. Free guide!  Walking around the world's third-largest mosque built on a platform over the Atlantic where the floor is made of glass so you can watch the ocean below, realising that Casablanca's real story is its extraordinary Art Deco architecture, and finding that Rick's Cafe from the film never actually existed in 1942 — but does now. …",Travel Guides & Itineraries
3 Things to Know Before Visiting Casablanca (2026),https://images.unsplash.com/photo-1466854076813?w=1000&q=85&fit=crop&ar=2:3,https://www.incredibleitinerary.com/blog/casablanca-3-days,"Don't make these mistakes on your Casablanca trip. Best time to visit, where to stay, what to eat & the tourist traps to avoid. Real traveller tips from our free guide.  #CasablancaTravel #Casablanca #MoroccoTravel #TravelGuide #TravelItinerary #WorldTravel #TripPlanning #TravelBlog #TravelTips #TravelHacks",Travel Guides & Itineraries
The Perfect 3-Day Casablanca Itinerary (2026),https://images.unsplash.com/photo-1466854076813?w=1000&q=85&fit=crop&ar=2:3,https://www.incredibleitinerary.com/blog/casablanca-3-days,"Day-by-day Casablanca plan with 4 travel styles — budget, couple, adventure & family. Real costs, real routes, real tips from IncredibleItinerary. Plan smarter, travel better!  Walking around the world's third-largest mosque built on a platform over the Atlantic where the floor is made of glass so you can watch the ocean below, realising that Casablanca's real story is its extraordinary Art Deco architecture, and finding that Rick's Cafe from the film never actually existed in 1942 — but does…",Travel Guides & Itineraries
Fez in 3 Days — Complete Guide from $50/day,https://images.unsplash.com/photo-1569383746724-6f1b882b8f46?w=1000&q=85&fit=crop&ar=2:3,https://www.incredibleitinerary.com/blog/fez-morocco-3-days,"Plan your Fez trip with real prices. 3-day itinerary with budget, mid-range & luxury plans — hotel picks, Google Maps routes & insider tips. Free guide!  Getting irretrievably lost in the world's largest car-free urban area, watching leather being dyed in stone vats the same way it has been dyed for 1,000 years from a rooftop terrace above the tannery, and drinking mint tea in the courtyard of the world's oldest university still operating.  #FezTravel #Fez #MoroccoTravel #TravelGuide…",Travel Guides & Itineraries
3 Things to Know Before Visiting Fez (2026),https://images.unsplash.com/photo-1569383746724-6f1b882b8f46?w=1000&q=85&fit=crop&ar=2:3,https://www.incredibleitinerary.com/blog/fez-morocco-3-days,"Don't make these mistakes on your Fez trip. Best time to visit, where to stay, what to eat & the tourist traps to avoid. Real traveller tips from our free guide.  #FezTravel #Fez #MoroccoTravel #TravelGuide #TravelItinerary #WorldTravel #TripPlanning #TravelBlog #TravelTips #TravelHacks",Travel Guides & Itineraries
The Perfect 3-Day Fez Itinerary (2026),https://images.unsplash.com/photo-1569383746724-6f1b882b8f46?w=1000&q=85&fit=crop&ar=2:3,https://www.incredibleitinerary.com/blog/fez-morocco-3-days,"Day-by-day Fez plan with 4 travel styles — budget, couple, adventure & family. Real costs, real routes, real tips from IncredibleItinerary. Plan smarter, travel better!  Getting irretrievably lost in the world's largest car-free urban area, watching leather being dyed in stone vats the same way it has been dyed for 1,000 years from a rooftop terrace above the tannery, and drinking mint tea in the courtyard of the world's oldest university still operating.  #FezTravel #Fez #MoroccoTravel…",Travel Guides & Itineraries
Nairobi in 4 Days — Complete Guide from $50/day,https://images.unsplash.com/photo-1611348524140-53c9a25263d6?w=1000&q=85&fit=crop&ar=2:3,https://www.incredibleitinerary.com/blog/nairobi-4-days,"Plan your Nairobi trip with real prices. 4-day itinerary with budget, mid-range & luxury plans — hotel picks, Google Maps routes & insider tips. Free guide!  Hand-feeding a reticulated giraffe whose head is level with your face on a raised platform, bottle-feeding an elephant calf orphaned by poaching, photographing lions against a backdrop of skyscrapers in the only national park inside a capital city, and eating a dozen grilled game meats at Africa's most famous restaurant.  #NairobiTravel…",Travel Guides & Itineraries
4 Things to Know Before Visiting Nairobi (2026),https://images.unsplash.com/photo-1611348524140-53c9a25263d6?w=1000&q=85&fit=crop&ar=2:3,https://www.incredibleitinerary.com/blog/nairobi-4-days,"Don't make these mistakes on your Nairobi trip. Best time to visit, where to stay, what to eat & the tourist traps to avoid. Real traveller tips from our free guide.  #NairobiTravel #Nairobi #KenyaTravel #TravelGuide #TravelItinerary #WorldTravel #TripPlanning #TravelBlog #TravelTips #TravelHacks",Travel Guides & Itineraries
The Perfect 4-Day Nairobi Itinerary (2026),https://images.unsplash.com/photo-1611348524140-53c9a25263d6?w=1000&q=85&fit=crop&ar=2:3,https://www.incredibleitinerary.com/blog/nairobi-4-days,"Day-by-day Nairobi plan with 4 travel styles — budget, couple, adventure & family. Real costs, real routes, real tips from IncredibleItinerary. Plan smarter, travel better!  Hand-feeding a reticulated giraffe whose head is level with your face on a raised platform, bottle-feeding an elephant calf orphaned by poaching, photographing lions against a backdrop of skyscrapers in the only national park inside a capital city, and eating a dozen grilled game meats at Africa's most famous restaurant. …",Travel Guides & Itineraries
Yangon in 3 Days — Complete Guide from $30/day,https://images.unsplash.com/photo-1526481280693?w=1000&q=85&fit=crop&ar=2:3,https://www.incredibleitinerary.com/blog/yangon-3-days,"Plan your Yangon trip with real prices. 3-day itinerary with budget, mid-range & luxury plans — hotel picks, Google Maps routes & insider tips. Free guide!  Watching dawn light gold-plate the 98-metre spire of the most sacred Buddhist site in Myanmar at 4am when monks begin their morning chants, riding the entire Circular Train loop for 35 cents through vegetable markets and bamboo villages without leaving the city, and eating mohinga fish noodle soup at a wooden table on a pavement. …",Southeast Asia Travel
3 Things to Know Before Visiting Yangon (2026),https://images.unsplash.com/photo-1526481280693?w=1000&q=85&fit=crop&ar=2:3,https://www.incredibleitinerary.com/blog/yangon-3-days,"Don't make these mistakes on your Yangon trip. Best time to visit, where to stay, what to eat & the tourist traps to avoid. Real traveller tips from our free guide.  #YangonTravel #Yangon #MyanmarTravel #TravelGuide #TravelItinerary #WorldTravel #TripPlanning #TravelBlog #TravelTips #TravelHacks",Southeast Asia Travel
The Perfect 3-Day Yangon Itinerary (2026),https://images.unsplash.com/photo-1526481280693?w=1000&q=85&fit=crop&ar=2:3,https://www.incredibleitinerary.com/blog/yangon-3-days,"Day-by-day Yangon plan with 4 travel styles — budget, couple, adventure & family. Real costs, real routes, real tips from IncredibleItinerary. Plan smarter, travel better!  Watching dawn light gold-plate the 98-metre spire of the most sacred Buddhist site in Myanmar at 4am when monks begin their morning chants, riding the entire Circular Train loop for 35 cents through vegetable markets and bamboo villages without leaving the city, and eating mohinga fish noodle soup at a wooden table on a…",Southeast Asia Travel
Colombo in 3 Days — Complete Guide from $50/day,https://images.unsplash.com/photo-1566552881560-0be862a7c445?w=1000&q=85&fit=crop&ar=2:3,https://www.incredibleitinerary.com/blog/colombo-3-days,"Plan your Colombo trip with real prices. 3-day itinerary with budget, mid-range & luxury plans — hotel picks, Google Maps routes & insider tips. Free guide!  Eating the best crab curry in Asia at a restaurant inside a converted warehouse where the crab arrives at your table whole and you crack it with your hands, getting genuinely lost in a bazaar where separate streets are devoted entirely to fabric, spices, electronics, and gold, and watching kite flyers on the ocean green at sunset. …",Travel Guides & Itineraries
3 Things to Know Before Visiting Colombo (2026),https://images.unsplash.com/photo-1566552881560-0be862a7c445?w=1000&q=85&fit=crop&ar=2:3,https://www.incredibleitinerary.com/blog/colombo-3-days,"Don't make these mistakes on your Colombo trip. Best time to visit, where to stay, what to eat & the tourist traps to avoid. Real traveller tips from our free guide.  #ColomboTravel #Colombo #SriLankaTravel #TravelGuide #TravelItinerary #WorldTravel #TripPlanning #TravelBlog #TravelTips #TravelHacks",Travel Guides & Itineraries
The Perfect 3-Day Colombo Itinerary (2026),https://images.unsplash.com/photo-1566552881560-0be862a7c445?w=1000&q=85&fit=crop&ar=2:3,https://www.incredibleitinerary.com/blog/colombo-3-days,"Day-by-day Colombo plan with 4 travel styles — budget, couple, adventure & family. Real costs, real routes, real tips from IncredibleItinerary. Plan smarter, travel better!  Eating the best crab curry in Asia at a restaurant inside a converted warehouse where the crab arrives at your table whole and you crack it with your hands, getting genuinely lost in a bazaar where separate streets are devoted entirely to fabric, spices, electronics, and gold, and watching kite flyers on the ocean green at…",Travel Guides & Itineraries
Kathmandu in 4 Days — Complete Guide from $50/day,https://images.unsplash.com/photo-1588776814546-daab30f310ce?w=1000&q=85&fit=crop&ar=2:3,https://www.incredibleitinerary.com/blog/kathmandu-4-days,"Plan your Kathmandu trip with real prices. 4-day itinerary with budget, mid-range & luxury plans — hotel picks, Google Maps routes & insider tips. Free guide!  Watching Hindu cremation pyres burn on the Bagmati river as monkeys steal offerings at a temple that has been sacred for 1,500 years, circumambulating a stupa so large it has its own weather system, and eating dal bhat — the rice and lentil meal that Nepalis eat twice a day and that some trekkers eat for 14 consecutive days on the…",Travel Guides & Itineraries
4 Things to Know Before Visiting Kathmandu (2026),https://images.unsplash.com/photo-1588776814546-daab30f310ce?w=1000&q=85&fit=crop&ar=2:3,https://www.incredibleitinerary.com/blog/kathmandu-4-days,"Don't make these mistakes on your Kathmandu trip. Best time to visit, where to stay, what to eat & the tourist traps to avoid. Real traveller tips from our free guide.  #KathmanduTravel #Kathmandu #NepalTravel #TravelGuide #TravelItinerary #WorldTravel #TripPlanning #TravelBlog #TravelTips #TravelHacks",Travel Guides & Itineraries
The Perfect 4-Day Kathmandu Itinerary (2026),https://images.unsplash.com/photo-1588776814546-daab30f310ce?w=1000&q=85&fit=crop&ar=2:3,https://www.incredibleitinerary.com/blog/kathmandu-4-days,"Day-by-day Kathmandu plan with 4 travel styles — budget, couple, adventure & family. Real costs, real routes, real tips from IncredibleItinerary. Plan smarter, travel better!  Watching Hindu cremation pyres burn on the Bagmati river as monkeys steal offerings at a temple that has been sacred for 1,500 years, circumambulating a stupa so large it has its own weather system, and eating dal bhat — the rice and lentil meal that Nepalis eat twice a day and that some trekkers eat for 14 consecutive…",Travel Guides & Itineraries